Metric,Value
Accuracy,0.96
Precision,0.9285714285714286
Recall,0.8125
F1 Score,0.8666666666666667
